备孕,307,502,2,beiyun
孕前检查,502,515,15,yqjc
备孕生活,502,523,23,plq
助孕饮食,502,524,24,yanyun
不孕不育,502,521,21,ysyc
生男生女,502,522,22,nannv
验孕检查,502,520,20,nyny
遗传优生,502,519,19,youshen
避孕流产,502,623,123,bylc
怀孕,307,503,3,huaiyun
　 胎儿发育,503,526,26,fayu
　 孕期检查,503,550,50,yqjch
　 准爸学堂,503,558,58,zhunba
　 疾病与用药,503,551,51,jibyy
　 时尚孕妈,503,557,57,yunma
　 怀孕须知,503,555,55,xuzhi
　 怀孕反应,503,554,54,hyfy
　 孕期饮食,503,552,52,yqysh
　 孕期生活,503,556,56,yqsh
　 孕期注意事项,503,614,114,shixiang
　 孕期性生活,503,745,245,aiai
　 孕期心理,503,624,124,yqxl
　 孕期保健,503,553,53,yunqbj
　 胎教,503,559,59,taijiao
分娩,307,504,4,fm
　 产前准备,504,561,61,zhunbei
　 产前心理,504,525,25,cqxl
　 产前检查,504,560,60,chqjch
　 分娩方式,504,562,62,fangshi
　 分娩过程,504,563,63,guocheng
　 生产记,504,565,65,shchj
　 迎接宝贝,504,564,64,yjbb
月子,307,505,5,yuezi
　 产后修复,505,518,18,xiufu
　 月子病,505,569,69,yuezibing
　 月嫂保姆,505,570,70,baomu
　 坐月子,505,746,246,zuoyuezi
　 催乳护乳,505,566,66,crhr
　 产后饮食,505,571,71,chhys
　 产后生活,505,572,72,chsh
　 产后检查,505,567,67,chhjch
　 产后抑郁症,505,625,125,chyy
　 月子禁忌,505,568,68,jinji
新生儿,307,527,27,xinsheng
　 发育指标,527,574,74,fyzhb
　 奶粉喂养,527,516,16,nfwy
　 成长护理,527,575,75,chzhl
　 早产儿,527,576,76,zaochan
　 母乳喂养,527,573,73,mrwy
　 潜能开发,527,577,77,qianneng
　 疫苗接种,527,578,78,yimiao
　 疾病与用药,527,579,79,jbyyao
0-1岁,307,528,28,yinger
　 能力培养,528,585,85,nlpy
　 育儿日记,528,587,87,riji
　 疾病与用药,528,584,84,jibingyy
　 疫苗接种,528,583,83,yimiao
　 游戏玩具,528,586,86,yxwj
　 母乳喂养,528,580,80,mrwy
　 成长发育,528,581,81,chzhfy
　 奶粉辅食,528,517,17,fushi
　 保健护理,528,582,82,bjhl
　 1-3个月,528,588,88,1-3yue
　 4-6个月,528,589,89,4-6yue
1-3岁,307,529,29,yuer
　 保健护理,529,591,91,bjhl
　 行为心理性格,529,595,95,xingge
　 营养饮食,529,600,100,yyysh
　 能力培养,529,596,96,nlpy
　 游戏玩具,529,598,98,yxwj
　 智力发展,529,594,94,zhili
　 早教知识,529,637,137,zaojiao
　 才艺培养,529,597,97,caiyipeiyang
　 成长发育,529,590,90,chzhfy
　 幼儿期用品,529,747,247,yongpin
　 宝宝体检,529,638,138,bbtj
　 安全防护,529,592,92,aqfh
　 入园入托,529,599,99,rutuo
　 儿科疾病,529,639,139,ekjb
　 语言表达,529,593,93,yybd
3-6岁,307,530,30,xueqian
　 保健护理,530,602,102,bjhl
　 能力培养,530,609,109,nlpy
　 疾病与用药,530,605,105,jbyy2
　 疫苗接种,530,604,104,yimiao
　 游戏玩具,530,611,111,yxwj
　 才艺培养,530,610,110,cypy
　 成长发育,530,601,101,chzhfy
　 家庭教育,530,607,107,jtjy
　 安全防护,530,603,103,anquan
　 学龄前用品,530,749,249,yongpin
　 学龄前喂养,530,748,248,xlqwy
　 学校教育,530,608,108,xxjy
　 行为心理性格,530,606,106,xlxg
菜谱大全,530,612,112,caipu
童话故事寓言,307,650,150,tonghua
　 一千零一夜,650,706,206,yiqianlingyiye
　 成语故事,650,701,201,chengyugushi
　 战争故事,650,723,223,zhanzhenggushi
　 智慧故事,650,719,219,zhihuigushi
　 机智与幽默,650,726,226,jizhiyuyoumo
　 格林童话,650,704,204,gelintonghua
　 民间故事,650,695,195,minjiangushi
　 爱国故事,650,693,193,aiguogushi
　 爱情故事,650,717,217,aiqinggushi
　 王子故事,650,712,212,wangzigushi
　 益智故事,650,694,194,yizhigushi
　 睡前故事,650,690,190,shuiqiangushi
　 神仙故事,650,718,218,shenxiangushi
　 童话故事,650,652,152,tonghua
　 讽刺故事,650,722,222,fengcigushi
　 郑渊洁童话,650,710,210,zhengyuanjietonghua
　 风景故事,650,714,214,fengjinggushi
　 愚蠢故事,650,721,221,yuchungushi
　 惊险故事,650,705,205,jingxiangushi
　 幽默故事,650,725,225,youmogushi
　 传奇故事,650,696,196,chuanjigushi
　 儿童小说,650,724,224,ertongxiaoshui
　 兄弟故事,650,707,207,xiongdigushi
　 公主故事,650,708,208,gongzhugushi
　 动物故事,650,702,202,dongwugushi
　 勇士故事,650,700,200,yongshigushi
　 名人趣事,650,691,191,mingrenqushi
　 善恶故事,650,709,209,shanegushi
　 国王故事,650,715,215,guowanggushi
　 奇遇故事,650,697,197,jiyugushi
　 妖魔故事,650,720,220,yaomogushi
　 安徒生童话,650,713,213,antushengtonghua
　 宝物故事,650,703,203,baowugushi
　 寓言故事,650,698,198,yuyangushi
　 希腊神话,650,716,216,xilashenhua
　 帝王故事,650,699,199,diwanggushi
　 鬼怪故事,650,692,192,guiguaigushi
焦点关注,307,622,122,jdgz
十万个为什么,307,651,151,weishenme
　 中外历史,651,730,230,zhongwailishi
　 美丽的地球,651,739,239,meilidedeqiu
　 科学知识,651,734,234,kexuezhishi
　 神秘的宇宙,651,741,241,shenbideyuzhou
　 神奇的科技,651,742,242,shenjidekeji
　 有趣的植物,651,737,237,youqudezhiwu
　 文化与艺术,651,727,227,wenhuayuyishu
　 数理化之谜,651,744,244,shulihuazhimei
　 学科新知,651,740,240,xuekexinzhi
　 奇妙的人体,651,728,228,jimiaoderenti
　 天文地理,651,736,236,tianwendeli
　 可爱的动物,651,735,235,keaidedongwu
　 动物植物,651,738,238,dongwuzhiwu
　 军事知识,651,732,232,junshizhishi
　 军事与交通,651,743,243,junshiyujiaotong
　 健康的生活,651,731,231,jiankangdeshenghuo
　 体育与国家,651,729,229,tiyoyuguojia
　 身边的常识,651,733,233,shenbiandechangshi
励志一生,307,750,250,lizhi
　 个性签名,750,770,270,gexingqianming
　 励志诗歌,750,774,274,lizhishige
　 名人名言,750,775,275,mingrenmingyan
　 大学生励志,750,773,273,daxueshenglizhi
　 感恩励志,750,762,262,ganenlizhi
　 成功励志,750,753,253,chenggonglizhi
　 标语口号,750,776,276,biaoyukouhao
　 经典台词,750,758,258,jingdiantaici
　 经典语录,750,777,277,jingdianyulu
　 职场励志,750,778,278,zhichanglizhi
　 观后感,750,771,271,guanhougan
　 读后感,750,768,268,duhougan
　 青春励志,750,759,259,qingchunlizhi
　 励志英语,750,767,267,lizhiyingyu
　 励志电视剧,750,761,261,lizhidianshiju
　 为人处世,750,765,265,weirenchushi
　 人生感悟,750,752,252,renshengganwu
　 伤感,750,755,255,shanggan
　 创业,750,772,272,chuangye
　 励志书籍,750,766,266,lizhishuji
　 励志人物,750,764,264,lizhirenwu
　 励志名言,750,751,251,lizhimingyan
　 励志故事,750,763,263,lizhigushi
　 励志文章,750,760,260,lizhiwenzhang
　 励志歌曲,750,757,257,lizhigequ
　 励志演讲,750,769,269,lizhiyanjiang
　 励志电影,750,754,254,lizhidianying
　 高三励志,750,756,256,gaosanlizhi
亲子宝典,307,615,115,baodian
　 保健百科,615,620,120,bjbk
　 怀孕百科,615,616,116,huaiyun
　 早教百科,615,619,119,zaojiao
　 生活用品百科,615,621,121,shbk
　 育儿百科,615,617,117,yuer
　 营养美食百科,615,618,118,msbk
